{
    "Summary": {
        "Walls": 203,
        "Total Wall Area": 21053.08149383691,
        "Detected Doors": 4,
        "Detected Windows": 2,
        "Total Area": 27013.11641763136,
        "Foundations": 87,
        "Total Foundation Area": 5753.634923794448,
        "Slabs": 1,
        "Total Slab Area": 206.39999999999992
    },
    "Wall Material Estimate": {
        "Estimated bricks required": 147371,
        "Estimated cement required (bags)": 15474.012045685837,
        "Estimated cement required (kg)": 773700.6022842919,
        "Estimated sand required (kg)": 1285290.5396302147
    },
    "Foundation Material Estimate": {
        "Estimated concrete volume (cubic meters)": 1150.7269847588896,
        "Estimated cement required (bags)": 8055.088893312228,
        "Estimated cement required (kg)": 402754.4446656114,
        "Estimated gravel required (kg)": 1150726.9847588895,
        "Estimated sand required (kg)": 690436.1908553337,
        "Estimated steel required (kg)": 115072.69847588896
    },
    "Slab Material Estimate": {
        "Estimated concrete volume (cubic meters)": 30.959999999999987,
        "Estimated cement required (bags)": 216.71999999999989,
        "Estimated cement required (kg)": 10835.999999999995,
        "Estimated gravel required (kg)": 30959.999999999985,
        "Estimated sand required (kg)": 18575.999999999993,
        "Estimated steel required (kg)": 2012.3999999999992
    },
    "Plaster Material Estimate": {
        "Estimated Number of Plaster Bags (25kg Per Bag)": 5052.739558520859
    },
    "Primer Material Estimate": {
        "Estimated Amount of Primer (liters)": 8421.232597534765
    },
    "Paint Material Estimate": {
        "Estimated Amount of Paint (liters)": 12631.848896302146
    },
    "Floor Material Estimate": {
        "Total floor (slab) area": 206.39999999999992,
        "Each tile area": 0.09,
        "Tiles needed (with waste factor)": 2523
    }
}